{
  "Author": "NightmareXIV",
  "Name": "Splatoon",
  "InternalName": "Splatoon",
  "AssemblyVersion": "2.2.0.1",
  "Description": "Adds custom waymark system into the game, allowing drawing infinite amount of waymarks in world and highlighting objects, players and enemies.",
  "ApplicableVersion": "any",
  "RepoUrl": "https://github.com/NightmareXIV/Splatoon",
  "DalamudApiLevel": 6,
  "LoadPriority": 0,
  "Punchline": "Adds custom waymark system into the game, allowing drawing infinite amount of waymarks in world and highlighting objects, players and enemies."
}