﻿{
    "Author":  "UnknownX",
    "Name":  "Cammy",
    "Punchline":  "A simple editor for the game\u0027s camera settings",
    "Description":  "A simple camera editor to change various game defaults such as zoom and fov.\nThis is a zoomhack, if you aren\u0027t comfortable with that fact, don\u0027t install it.",
    "IconUrl":  "",
    "ImageUrls":  [
                      ""
                  ],
    "RepoUrl":  "https://github.com/UnknownX7/Cammy",
    "CategoryTags":  [
                         "utility"
                     ],
    "InternalName":  "Cammy",
    "AssemblyVersion":  "2.0.3.3",
    "ApplicableVersion":  "any",
    "DalamudApiLevel":  6,
    "LoadPriority":  0,
    "Changelog":  ""
}
