{
  "Author": "LeonBlade",
  "Name": "Burning Down the House",
  "InternalName": "BDTHPlugin",
  "AssemblyVersion": "1.5.7.1",
  "Description": "Move around housing items with coordinates and allows you to place anywhere.",
  "ApplicableVersion": "any",
  "RepoUrl": "https://github.com/LeonBlade/BDTHPlugin",
  "Tags": [
    "bdth",
    "housing",
    "float",
    "place",
    "glitch",
    "furnishing",
    "LeonBlade"
  ],
  "DalamudApiLevel": 6,
  "LoadPriority": 0,
  "IconUrl": "https://github.com/LeonBlade/BDTHPlugin/raw/main/icon.png",
  "Punchline": "Move around housing items with coordinates and allows you to place anywhere."
}