{
  "DalamudRichPresenceInMenus": {
    "message": "In Menus",
    "description": "Dalamud.RichPresence.Details.InMenus"
  },
  "DalamudRichPresenceLevel": {
    "message": "Lv {0}",
    "description": "Dalamud.RichPresence.Job.Level"
  },
  "DalamudRichPresenceOnline": {
    "message": "Online",
    "description": "Dalamud.RichPresence.Status.Online"
  },
  "DalamudRichPresenceTheSource": {
    "message": "The Source",
    "description": "Dalamud.RichPresence.Place.TheSource"
  },
  "DalamudRichPresenceVoid": {
    "message": "Void",
    "description": "Dalamud.RichPresence.Zone.Void"
  },
  "DalamudRichPresenceUnknown": {
    "message": "Unknown",
    "description": "Dalamud.RichPresence.PlaceZone.Unknown"
  },
  "DalamudRichPresenceOpenConfiguration": {
    "message": "Open the Discord Rich Presence configuration.",
    "description": "Dalamud.RichPresence.OpenConfiguration"
  },
  "DalamudRichPresenceConfiguration": {
    "message": "Discord Rich Presence Configuration",
    "description": "Dalamud.RichPresence.Configuration"
  },
  "DalamudRichPresencePreface1": {
    "message": "This window allows you to configure Discord Rich Presence.",
    "description": "Dalamud.RichPresence.Configuration.Preface.Line1"
  },
  "DalamudRichPresencePreface2": {
    "message": "Please make sure Discord is not running as administrator and you have Game Activity enabled.",
    "description": "Dalamud.RichPresence.Configuration.Preface.Line2"
  },
  "DalamudRichPresenceShowName": {
    "message": "Show character name",
    "description": "Dalamud.RichPresence.Configuration.ShowName"
  },
  "DalamudRichPresenceShowFreeCompany": {
    "message": "Show Free Company Tag",
    "description": "Dalamud.RichPresence.Configuration.ShowFreeCompany"
  },
  "DalamudRichPresenceShowWorld": {
    "message": "Show world name",
    "description": "Dalamud.RichPresence.Configuration.ShowWorld"
  },
  "DalamudRichPresenceShowStartTime": {
    "message": "Show elapsed time in zones",
    "description": "Dalamud.RichPresence.Configuration.ShowStartTime"
  },
  "DalamudRichPresenceResetTimeWhenChangingZones": {
    "message": "Reset timer when changing zones",
    "description": "Dalamud.RichPresence.Configuration.ResetTimeWhenChangingZones"
  },
  "DalamudRichPresenceShowJob": {
    "message": "Show current job",
    "description": "Dalamud.RichPresence.Configuration.ShowJob"
  },
  "DalamudRichPresenceAbbreviateJob": {
    "message": "Abbreviate current job name",
    "description": "Dalamud.RichPresence.Configuration.AbbreviateJob"
  },
  "DalamudRichPresenceShowLevel": {
    "message": "Show current job level",
    "description": "Dalamud.RichPresence.Configuration.ShowLevel"
  },
  "DalamudRichPresenceSaveAndClose": {
    "message": "Save and Close",
    "description": "Dalamud.RichPresence.Configuration.SaveAndClose"
  },
  "DalamudRichPresenceInADuty": {
    "message": "In a duty",
    "description": "Dalamud.RichPresence.InADuty"
  },
  "DalamudRichPresenceShowParty": {
    "message": "Show current party",
    "description": "Dalamud.RichPresence.Configuration.ShowParty"
  },
  "DalamudRichPresenceShowAFK": {
    "message": "Show away from keyboard status",
    "description": "Dalamud.RichPresence.Configuration.ShowAFK"
  },
  "DalamudRichPresenceInLoginQueue": {
    "message": "In Login Queue (#{0})",
    "description": "Dalamud.RichPresence.Details.InLoginQueue"
  },
  "DalamudRichPresenceQueueEstimate": {
    "message": "ETA: {0:h':'mm':'ss}",
    "description": "Dalamud.RichPresence.Details.QueueEstimate"
  },
  "DalamudRichPresenceShowLoginQueuePosition": {
    "message": "Show login queue position",
    "description": "Dalamud.RichPresence.Configuration.ShowLoginQueuePosition"
  },
  "DalamudRichPresenceShowLoginQueuePositionDetail": {
    "message": "This integration requires the Waitingway plugin to be installed.",
    "description": "Dalamud.RichPresence.Configuration.ShowLoginQueuePositionDetail"
  }
}