{
  "DalamudRichPresenceInMenus": {
    "message": "In Menüs",
    "description": "Dalamud.RichPresence.Details.InMenus"
  },
  "DalamudRichPresenceLevel": {
    "message": "ST {0}",
    "description": "Dalamud.RichPresence.Job.Level"
  },
  "DalamudRichPresenceOnline": {
    "message": "Online",
    "description": "Dalamud.RichPresence.Status.Online"
  },
  "DalamudRichPresenceTheSource": {
    "message": "Die Quelle",
    "description": "Dalamud.RichPresence.Place.TheSource"
  },
  "DalamudRichPresenceVoid": {
    "message": "Leere",
    "description": "Dalamud.RichPresence.Zone.Void"
  },
  "DalamudRichPresenceUnknown": {
    "message": "Unbekannt",
    "description": "Dalamud.RichPresence.PlaceZone.Unknown"
  },
  "DalamudRichPresenceOpenConfiguration": {
    "message": "Discord Rich Presence Einstellungen öffnen.",
    "description": "Dalamud.RichPresence.OpenConfiguration"
  },
  "DalamudRichPresenceConfiguration": {
    "message": "Discord Rich Presence Einstellungen",
    "description": "Dalamud.RichPresence.Configuration"
  },
  "DalamudRichPresencePreface1": {
    "message": "Hier kannst du Discord Rich Presence konfigurieren.",
    "description": "Dalamud.RichPresence.Configuration.Preface.Line1"
  },
  "DalamudRichPresencePreface2": {
    "message": "Bitte stelle sicher, dass Discord nicht als Administrator läuft und du die Spielaktivität aktiviert hast.",
    "description": "Dalamud.RichPresence.Configuration.Preface.Line2"
  },
  "DalamudRichPresenceShowName": {
    "message": "Charaktername anzeigen",
    "description": "Dalamud.RichPresence.Configuration.ShowName"
  },
  "DalamudRichPresenceShowFreeCompany": {
    "message": "Freie Gesellschaft anzeigen",
    "description": "Dalamud.RichPresence.Configuration.ShowFreeCompany"
  },
  "DalamudRichPresenceShowWorld": {
    "message": "Weltname anzeigen",
    "description": "Dalamud.RichPresence.Configuration.ShowWorld"
  },
  "DalamudRichPresenceShowStartTime": {
    "message": "Verstrichene Zeit in Zonen anzeigen",
    "description": "Dalamud.RichPresence.Configuration.ShowStartTime"
  },
  "DalamudRichPresenceResetTimeWhenChangingZones": {
    "message": "Timer beim Ändern von Zonen zurücksetzen",
    "description": "Dalamud.RichPresence.Configuration.ResetTimeWhenChangingZones"
  },
  "DalamudRichPresenceShowJob": {
    "message": "Aktuellen Job anzeigen",
    "description": "Dalamud.RichPresence.Configuration.ShowJob"
  },
  "DalamudRichPresenceAbbreviateJob": {
    "message": "Aktuellen Jobnamen abkürzen",
    "description": "Dalamud.RichPresence.Configuration.AbbreviateJob"
  },
  "DalamudRichPresenceShowLevel": {
    "message": "Aktuelle Job-Stufe anzeigen",
    "description": "Dalamud.RichPresence.Configuration.ShowLevel"
  },
  "DalamudRichPresenceSaveAndClose": {
    "message": "Speichern und Schließen",
    "description": "Dalamud.RichPresence.Configuration.SaveAndClose"
  },
  "DalamudRichPresenceInADuty": {
    "message": "In Inhalten",
    "description": "Dalamud.RichPresence.InADuty"
  },
  "DalamudRichPresenceShowParty": {
    "message": "Aktuelle Gruppe anzeigen",
    "description": "Dalamud.RichPresence.Configuration.ShowParty"
  },
  "DalamudRichPresenceShowAFK": {
    "message": "AFK-Status anzeigen",
    "description": "Dalamud.RichPresence.Configuration.ShowAFK"
  },
  "DalamudRichPresenceInLoginQueue": {
    "message": "In der Warteschlange (#{0})",
    "description": "Dalamud.RichPresence.Details.InLoginQueue"
  },
  "DalamudRichPresenceQueueEstimate": {
    "message": "ETA: {0:h':'mm':'ss}",
    "description": "Dalamud.RichPresence.Details.QueueEstimate"
  },
  "DalamudRichPresenceShowLoginQueuePosition": {
    "message": "Position in der Login-Warteschlange anzeigen",
    "description": "Dalamud.RichPresence.Configuration.ShowLoginQueuePosition"
  },
  "DalamudRichPresenceShowLoginQueuePositionDetail": {
    "message": "Diese Integration erfordert die Installation des Waitingway-Plugins.",
    "description": "Dalamud.RichPresence.Configuration.ShowLoginQueuePositionDetail"
  }
}